質問,回答,カテゴリ,並び順
予約はどうすればできますか？,ホームページの予約ページから24時間ご予約いただけます。お電話でも営業時間内に承ります。（※サンプルです。自社の内容に書き換えてください）,予約,10
予約の変更やキャンセルはできますか？,予約ページの「予約確認・変更」から手続きできます。キャンセル料は貸出日の何日前かによって異なります。（※サンプルです。自社の規定に書き換えてください）,予約,20
キャンセル料はかかりますか？,"（※サンプルです）
・貸出日の7日前まで：無料
・6日前〜前日：基本料金の20%
・当日：基本料金の50%",予約,30
借りるときに必要なものは何ですか？,有効期限内の運転免許証（原本）が必要です。運転される方全員分をご提示ください。お支払い用のクレジットカードもご用意ください。（※サンプルです）,貸出・返却,40
国際運転免許証でも借りられますか？,ジュネーブ条約に基づく国際運転免許証とパスポートのご提示で貸出可能です。（※サンプルです。自社の対応に合わせてください）,貸出・返却,50
返却時にガソリンは満タンにする必要がありますか？,満タンでご返却ください。満タンでない場合は、走行距離に応じた燃料代を精算いたします。（※サンプルです）,貸出・返却,60
営業時間外の返却はできますか？,（※サンプルです）営業時間外の返却は承っておりません。ご予約時に返却時刻をご確認ください。,貸出・返却,70
免責補償には入ったほうがいいですか？,万一の事故の際の自己負担額をカバーできるため、ご加入をおすすめしています。料金は1日あたり○○円です。（※サンプルです）,保険・補償,80
チャイルドシートは借りられますか？,チャイルドシート・ジュニアシートを有料（1台○○円）でご用意しています。数に限りがあるため、ご予約時にお申し付けください。（※サンプルです）,オプション,90
ETCカードは借りられますか？,ETC車載器は全車に装備していますが、ETCカードの貸出はしていません。お客様ご自身のカードをご利用ください。（※サンプルです）,オプション,100
